hit_id,particle_id,tx,ty,tz,tpx,tpy,tpz,weight
16970,499901688941903872,-24.4749,-23.6548,-294.301,-0.241708,-0.248279,-2.9369,0.0
17032,418845897917468673,31.4774,6.7290600000000005,-317.77299999999997,0.25814899999999996,0.189289,-0.256529,0.0
17157,684558069757116416,-31.2868,-5.77396,-232.722,-0.331963,-0.0708767,-2.4693400000000003,0.0
17172,481885435006550016,-31.3758,-5.5195,-221.137,-0.7897489999999999,-0.129634,-5.63594,0.0
17438,671047958069772288,16.3569,27.0172,-267.798,0.6569619999999999,1.0672700000000002,-10.5428,0.0
17470,54045050954317824,-9.50075,29.9838,-257.074,-0.143189,0.420633,-3.6519,0.0
17701,716074539775164416,-19.1316,-26.2297,-170.525,-1.52816,-2.10812,-13.2185,0.0
17842,211686018774999042,30.2313,-10.8275,-165.706,0.120352,-0.187253,0.208294,0.0
18109,639513620987772928,-23.9932,23.7727,-139.328,-0.534213,0.516556,-3.1754599999999997,0.0
18129,220697890937372672,-31.5409,7.87772,-184.315,-0.565773,0.13181600000000002,-3.21926,0.0
18275,801644513243168768,-22.1497,-22.3969,-118.223,-0.513766,-0.5343439999999999,-2.8106,0.0
18516,27043313118871552,16.1395,-27.7389,-91.8701,0.09307610000000001,-0.164919,-0.46327299999999993,0.0
19219,878211479344513024,-30.5615,-9.34875,-6.951060000000001,-0.243565,-0.064434,-0.066053,0.0
19645,67556193433812992,-1.8353,-31.8817,-6.13272,-0.0268474,-0.294713,-0.077211,0.0
19674,382806243204399104,-3.6500199999999996,-31.7793,-1.05825,-0.00986873,-0.18388800000000002,-0.0655215,0.0
19704,63059465754116096,-5.26714,-31.6881,-37.5185,-0.047557499999999996,-0.22116599999999997,-0.259767,0.0
19805,40533908474822656,9.32785,-30.5688,-59.3034,0.0500483,-0.196913,-0.35685100000000003,0.0
20007,801650972873981952,29.5172,-12.3094,-33.8479,0.508393,-0.200928,-0.598494,0.0
20021,4508066393358336,28.5942,-14.2248,-12.1922,3.97155,-1.98795,-1.68245,0.044906656583503075
20122,4545862105563136,31.4458,-9.56219,-55.2472,53.2589,-16.4355,-95.4889,0.044906656583503075
20167,301753956856496128,31.7065,-4.94045,-47.5173,0.334351,-0.06157050000000001,-0.400679,0.0
20259,693557434991509504,32.0535,1.2096,-12.1448,1.7582,0.057017399999999996,-1.0735,0.02320101171051328
20339,364798785362067456,31.9697,5.32105,-44.747,0.401089,0.056743600000000005,-0.415936,0.0
20502,153124929951236096,28.0944,16.4847,-6.44243,1.13323,0.652356,-0.329293,0.01763908722076754
20518,968278249211691008,23.2583,21.899,-8.24095,0.6609189999999999,0.6090939999999999,-0.0870102,0.0
20560,166642119744684032,14.0132,28.6962,-13.1496,0.134231,0.297078,-0.112134,0.0
20620,364793768840265728,15.363,28.0457,-9.504380000000001,0.28276399999999996,0.498692,0.0356907,0.0
20835,364795692985614336,1.9626,31.8745,-58.8585,0.0100745,0.320175,-0.474321,0.0
20905,166639027368230912,-8.25193,30.9449,-5.18242,-0.121898,0.493986,-0.0494628,0.0
21020,364794387315556352,-19.7255,25.1996,-3.20424,-1.217,1.57037,0.516826,0.030350997362107706
21141,364803320847532032,-26.8786,17.785,-66.0109,-0.147204,0.108703,-0.31044099999999997,0.0
21155,301754094295449600,-26.8098,17.9277,-17.5081,-0.226746,0.138955,-0.06584580000000001,0.0
21192,639517675436900352,-30.4333,10.4083,-52.7419,-0.257092,0.0982517,-0.492379,0.0
21424,364803664444915712,-29.561999999999998,-10.7071,60.581,-0.326658,-0.108993,0.790492,0.0
21441,941258369434386432,-29.4829,-10.9334,13.0632,-0.427353,-0.149351,0.0997951,0.0
21547,130608031326011392,-27.4189,-16.4977,54.9587,-0.28835900000000003,-0.163118,0.54097,0.0
21797,139617017287147520,-10.4114,-29.8822,31.4952,-0.195301,-0.5933430000000001,0.453691,0.0
22056,139621140455751680,18.6713,-25.4774,21.1204,0.22248,-0.28639499999999996,0.145315,0.0
22293,860195981323403264,25.758000000000003,-18.9698,6.866639999999999,0.549091,-0.416872,0.15467899999999998,0.0
22431,63070460870393856,31.2551,-4.15203,11.0404,0.24653200000000003,-0.043042500000000004,0.0920841,0.0
22468,837672348189458432,31.6192,4.82331,44.5242,2.55166,0.378298,4.49373,0.042406891416854754
22530,837672210750504960,29.2195,11.6867,54.2943,0.776127,0.29977,1.7307299999999999,0.0
22695,328769507306766336,20.202,25.1643,20.3928,0.224787,0.09358680000000001,0.023683199999999998,0.0
22936,481885641164980224,9.549719999999999,30.9506,70.2547,0.133261,0.396681,0.858475,0.0
23179,734087357736681472,-16.1108,27.7645,17.3063,-0.502691,0.847197,0.611714,0.0
23553,743123831488512000,-30.1869,-10.4201,125.116,-0.30086599999999997,-0.11428800000000001,1.27504,0.0
23580,225181012160675840,-30.7806,-8.72199,117.555,-1.3726200000000002,-0.377279,5.47604,0.0
23626,63054311793360896,-23.9949,-21.0743,111.59700000000001,-0.112049,-0.11083299999999999,0.553179,0.0
23664,229691758613626880,-13.2801,-29.0494,112.18700000000001,-0.297645,-0.627396,2.46999,0.0
23672,598980124829810688,-18.5079,-26.5302,137.857,-0.184575,-0.248784,1.16826,0.0
23754,950263369665871872,-2.4110400000000003,-31.8492,131.93200000000002,-0.00775248,-0.22068000000000002,0.9388190000000001,0.0
23785,225192350874337280,11.4698,-29.8199,96.104,0.09402100000000001,-0.216177,0.7479979999999999,0.0
23867,306247111123402752,22.9255,-22.3414,73.6189,0.179412,-0.188094,0.523497,0.0
24088,18020033506574336,25.6495,19.2219,117.89200000000001,1.9346599999999998,1.4603,8.629,0.0
24362,743108094728339456,-19.5283,25.3758,73.498,-0.316796,0.397448,1.19233,0.0
24629,968282647258202112,-12.832,-28.7157,191.05,-0.20746599999999998,-0.439367,3.03105,0.0
24835,144117180940681216,30.6879,7.486910000000001,168.53,0.350425,0.075873,2.02766,0.0
25236,445868389018107904,16.1431,-28.3995,214.419,0.11901700000000001,-0.190392,1.50973,0.0
25238,702562297784041472,18.1276,-26.6269,228.14700000000002,0.253499,-0.3904,3.19069,0.0
25855,635010777291427841,64.628,-31.5744,-454.64099999999996,0.246346,-0.0701616,0.24206999999999998,0.0
25965,153131595740479488,-63.5307,34.5724,-483.163,-0.193492,0.130821,-1.56036,0.0
26032,716074539775164416,-41.7917,-57.7337,-367.54900000000004,-1.51126,-2.11983,-13.2179,0.0
26150,418845897917468673,66.0398,30.0416,-351.24,0.27162600000000003,0.168536,-0.256193,0.0
26266,220697890937372672,-69.4254,15.9171,-398.92400000000004,-0.570098,0.109294,-3.21888,0.0
26562,639513620987772928,-52.8377,50.7788,-308.187,-0.5502229999999999,0.49866499999999997,-3.1751,0.0
26662,801644513243168768,-50.1916,-52.6157,-275.116,-0.492209,-0.549412,-2.81095,0.0
27250,27043313118871552,33.0919,-64.4248,-192.533,0.0669664,-0.173511,-0.46408699999999997,0.0
27805,63059465754116096,-15.3756,-69.5098,-82.6012,-0.0693228,-0.214919,-0.258973,0.0
27866,40533908474822656,16.9591,-70.456,-130.74200000000002,0.026247000000000003,-0.20113699999999998,-0.356194,0.0
27963,211686018774999042,52.1821,-50.9033,-122.31700000000001,0.0937843,-0.198752,0.210338,0.0
27998,801650972873981952,67.785,-26.4483,-78.3826,0.517504,-0.17819200000000002,-0.596953,0.0
28002,4545862105563136,68.6188,-21.0952,-120.814,53.01,-18.1136,-95.3232,0.03772155442590983
28018,301753956856496128,69.8463,-13.2153,-93.7498,0.327581,-0.08367260000000001,-0.401542,0.0
28050,364798785362067456,70.7877,9.5732,-85.0582,0.401282,0.0322203,-0.41674700000000003,0.0
28226,364795692985614336,1.3975799999999998,71.1687,-117.318,-0.0169262,0.318234,-0.47483400000000003,0.0
28339,364803320847532032,-57.0731,42.876000000000005,-133.256,-0.132433,0.125322,-0.310263,0.0
28353,639517675436900352,-66.1114,26.0812,-121.84899999999999,-0.24824000000000002,0.122228,-0.490824,0.0
28451,878211479344513024,-70.528,-17.9802,-17.6733,-0.24789499999999998,-0.041294800000000007,-0.0659068,0.0
28663,67556193433812992,-7.13535,-71.9043,-16.3621,-0.05101169999999999,-0.291476,-0.07509360000000001,0.0
28673,382806243204399104,-2.79794,-71.7228,-15.4383,0.0163346,-0.181517,-0.0658891,0.0
28864,4508066393358336,64.3754,-32.2646,-27.3862,3.9594699999999996,-2.00975,-1.6836099999999998,0.03772155442590983
28982,693557434991509504,73.0812,2.22503,-37.1447,1.7591400000000001,0.0302402,-1.07178,0.01701407967154697
29074,153124929951236096,62.3948,35.871,-16.3343,1.1436899999999999,0.633264,-0.328283,0.0152872089246652
29081,968278249211691008,52.9568,48.4957,-12.0018,0.6771149999999999,0.59063,-0.08469810000000001,0.0
29165,166642119744684032,28.7905,65.64699999999999,-26.6519,0.109543,0.307118,-0.110273,0.0
29176,364793768840265728,36.0423,62.9927,-7.045439999999999,0.301532,0.48711099999999996,0.0339522,0.0
29339,166639027368230912,-16.9982,70.9837,-9.099219999999999,-0.09615789999999999,0.499167,-0.0488076,0.0
29484,301754094295449600,-62.5022,37.3823,-27.6858,-0.238617,0.11576900000000001,-0.0662153,0.0
29663,941258369434386432,-67.6017,-23.1091,21.7157,-0.43431899999999996,-0.12604200000000002,0.0977943,0.0
29825,139617017287147520,-22.2348,-68.4413,60.6777,-0.171584,-0.600442,0.45301400000000003,0.0
29961,139621140455751680,44.5364,-56.5306,37.5049,0.240373,-0.269393,0.147134,0.0
29996,860195981323403264,56.8165,-43.2971,15.8388,0.534287,-0.432849,0.15698499999999999,0.0
30062,63070460870393856,69.893,-12.9151,25.8413,0.24029899999999998,-0.066316,0.0930828,0.0
30182,328769507306766336,59.3304,39.2268,24.5437,0.232567,0.0696723,0.0234023,0.0
30495,734087357736681472,-36.5695,61.2714,41.6775,-0.522868,0.834411,0.610907,0.0
30522,364794387315556352,-44.0966,57.0088,7.20781,-1.19882,1.58388,0.51608,0.02549484838537983
30754,130608031326011392,-63.128,-34.8673,120.645,-0.299696,-0.140291,0.540582,0.0
31057,837672348189458432,71.0762,10.4837,114.001,2.5535799999999997,0.354216,4.49389,0.034867907639375244
31095,837672210750504960,67.0021,25.5772,138.084,0.778942,0.273446,1.71793,0.0
31479,364803664444915712,-68.1869,-21.8483,152.535,-0.33484400000000003,-0.0835816,0.789554,0.0
31641,306247111123402752,48.6016,-52.1103,152.92600000000002,0.159426,-0.204018,0.523442,0.0
31816,481885641164980224,23.1028,68.3061,151.767,0.15348,0.389034,0.857892,0.0
31908,743108094728339456,-45.1101,55.9067,167.033,-0.33526500000000004,0.381531,1.1917,0.0
32028,225181012160675840,-69.9987,-19.1206,273.589,-1.3794899999999999,-0.353394,5.47539,0.0
32049,63054311793360896,-50.284,-50.9537,250.137,-0.0957452,-0.126139,0.552362,0.0
32072,229691758613626880,-31.2085,-64.762,254.804,-0.321373,-0.612819,2.4701299999999997,0.0
32138,225192350874337280,29.8099,-66.8221,227.454,0.115283,-0.205485,0.747324,0.0
32266,18020033506574336,57.9686,43.8865,262.54,1.9201700000000002,1.48116,8.628060000000001,0.0
32429,743123831488512000,-66.3692,-25.7649,280.644,-0.291261,-0.13686600000000002,1.27452,0.0
32463,598980124829810688,-43.1853,-56.8846,284.987,-0.20580199999999998,-0.23312600000000003,1.1673200000000001,0.0
32489,950263369665871872,-1.6933900000000002,-71.1811,298.466,0.016431,-0.22115700000000002,0.9380790000000001,0.0
32892,144117180940681216,70.0337,14.7773,395.959,0.35229099999999997,0.0535899,2.0266599999999997,0.0
33058,968282647258202112,-30.5455,-64.4774,440.28,-0.225516,-0.429663,3.03056,0.0
33096,445868389018107904,38.556,-59.8204,472.472,0.139988,-0.17737,1.50888,0.0
33134,707073800168022018,71.3953,-6.8133300000000006,490.921,-0.152623,-0.030047000000000004,0.370444,0.0
33287,801644513243168768,-78.3787,-85.0794,-438.961,-0.47405,-0.564375,-2.81061,0.0
33473,639513620987772928,-84.7882,78.7653,-489.68199999999996,-0.566924,0.48051000000000005,-3.17429,0.0
33486,139620109680381953,-107.333,43.1551,-482.57199999999995,-0.136023,0.10556700000000001,-0.0263388,0.0
33629,635010777291427841,106.089,-45.658,-413.274,0.237467,-0.0938225,0.24174299999999999,0.0
33679,418845897917468673,103.329,51.0284,-386.082,0.282225,0.14471900000000001,-0.258484,0.0
33918,27043313118871552,46.0824,-107.036,-303.839,0.04140069999999999,-0.180592,-0.46353999999999995,0.0
34565,364803320847532032,-87.6753,77.3323,-210.83,-0.11053900000000001,0.146254,-0.30882600000000004,0.0
34754,40533908474822656,19.488,-114.834,-208.393,-0.00174331,-0.203453,-0.355053,0.0
34849,4545862105563136,111.119,-33.7734,-197.825,52.7639,-16.2395,-95.7958,0.03053651852587507
34857,301753956856496128,114.117,-26.5042,-148.918,0.31761799999999996,-0.10983299999999999,-0.401287,0.0
34997,364795692985614336,-3.1461200000000002,116.825,-185.547,-0.045161400000000004,0.315363,-0.47410699999999995,0.0
35095,639517675436900352,-106.04299999999999,47.5922,-201.78599999999997,-0.23814000000000002,0.143895,-0.489163,0.0
35254,63059465754116096,-30.6107,-111.134,-133.24,-0.08969860000000002,-0.207368,-0.25801,0.0
35332,211686018774999042,69.2139,-93.3726,-78.1578,0.06826139999999999,-0.206925,0.21114000000000002,0.0
35405,801650972873981952,109.64299999999999,-39.73,-126.244,0.52488,-0.152194,-0.5947399999999999,0.0
35443,364798785362067456,114.6,11.6125,-130.588,0.40131,0.00674038,-0.416063,0.0
35771,878211479344513024,-113.684,-22.9449,-29.3144,-0.24499,-0.014872,-0.06583810000000001,0.0
35943,67556193433812992,-16.354,-114.536,-27.2696,-0.07481610000000001,-0.285617,-0.0746567,0.0
35969,382806243204399104,4.0608900000000006,-116.639,-31.551,0.0408183,-0.17724700000000002,-0.0642815,0.0
36101,4508066393358336,104.53200000000001,-52.7885,-44.49100000000001,3.94615,-2.03219,-1.68452,0.03053651852587507
36176,693557434991509504,116.915,2.70082,-63.9062,1.7577900000000002,0.00614904,-1.07352,0.013920646780843059
36230,153124929951236096,101.885,57.1945,-27.6057,1.15476,0.607522,-0.327438,0.012935330628562863
36253,968278249211691008,86.3464,76.663,-16.1071,0.6949,0.568829,-0.08455900000000001,0.0
36316,364793768840265728,59.8177,99.6225,-4.576890000000001,0.322472,0.47298599999999996,0.032450799999999995,0.0
36332,166642119744684032,42.0242,107.661,-41.9023,0.0848602,0.313164,-0.11277999999999999,0.0
36421,166639027368230912,-24.1233,113.291,-13.3389,-0.07084349999999999,0.502627,-0.050740600000000004,0.0
36538,301754094295449600,-102.118,53.9753,-38.3984,-0.24877,0.0896949,-0.06560060000000001,0.0
36659,941258369434386432,-110.56,-34.3288,31.4934,-0.439445,-0.10139400000000001,0.0994975,0.0
36880,139621140455751680,74.7258,-87.6453,55.3713,0.260341,-0.24879400000000002,0.147787,0.0
36919,860195981323403264,90.7574,-72.0058,25.9918,0.515459,-0.45432799999999995,0.156771,0.0
36958,63070460870393856,111.73200000000001,-26.9548,41.7696,0.232033,-0.09190910000000001,0.089755,0.0
37039,328769507306766336,104.10700000000001,49.7954,28.8255,0.23857199999999998,0.04131919999999999,0.022383,0.0
37272,734087357736681472,-60.5264,98.5315,69.202,-0.542365,0.820391,0.611672,0.0
37289,364794387315556352,-70.3473,92.195,18.5972,-1.17615,1.5996299999999999,0.5152260000000001,0.020638699408651956
37522,139617017287147520,-33.5346,-111.15799999999999,92.8476,-0.14688199999999998,-0.605346,0.454229,0.0
38093,130608031326011392,-102.955,-51.6223,190.99,-0.31112,-0.11644700000000001,0.539231,0.0
38308,837672348189458432,115.333,16.4193,191.832,2.55694,0.329532,4.49328,0.02732892386189574
38576,364803664444915712,-112.7,-30.9645,255.77700000000002,-0.34321,-0.0561751,0.787724,0.0
38697,306247111123402752,74.286,-88.8163,243.49,0.137467,-0.219858,0.522702,0.0
38755,112592808199589889,115.85799999999999,7.90255,218.687,0.21114699999999997,-0.00708031,0.136978,0.0
38774,837672210750504960,108.664,39.4916,229.40099999999998,0.787064,0.24960900000000003,1.71721,0.0
38831,481885641164980224,40.3055,108.161,240.571,0.17793299999999998,0.37916700000000003,0.8567809999999999,0.0
38903,743108094728339456,-75.0286,88.0446,270.119,-0.35533400000000004,0.362471,1.19136,0.0
39385,63054311793360896,-75.1976,-89.4825,411.89300000000003,-0.0735133,-0.138489,0.55225,0.0
39391,229691758613626880,-52.9546,-104.484,416.273,-0.34402699999999997,-0.6014619999999999,2.4693,0.0
39440,225192350874337280,52.5441,-102.958,364.624,0.134434,-0.190331,0.747524,0.0
39472,211675917011931138,108.07799999999999,-40.5927,390.782,0.171017,-0.0988159,0.23910399999999998,0.0
39492,707073800168022018,115.62200000000001,-1.80487,383.66,-0.154195,-0.00396028,0.37153200000000003,0.0
39522,18020033506574336,92.5095,70.7317,418.088,1.9080700000000002,1.49952,8.62708,0.0
39655,225181012160675840,-112.766,-29.6672,442.9,-1.38667,-0.32821999999999996,5.474559999999999,0.0
39666,743123831488512000,-106.184,-46.5039,458.73400000000004,-0.278645,-0.160307,1.2736299999999998,0.0
39683,598980124829810688,-74.5157,-89.305,455.26300000000003,-0.223858,-0.21257600000000001,1.16737,0.0
39712,950263369665871872,4.09929,-116.126,488.936,0.041695300000000005,-0.219509,0.9370950000000001,0.0
39925,914233541871538177,-170.976,-13.1577,-483.664,-0.153972,-0.0241495,0.32045799999999997,0.0
40027,27043313118871552,53.8112,-163.751,-445.86400000000003,0.00884991,-0.186574,-0.46220900000000004,0.0
40095,418845897917468673,155.363,74.2307,-432.099,0.296752,0.113864,-0.256727,0.0
40360,635010777291427841,156.37,-69.7822,-359.639,0.22034600000000001,-0.124161,0.24339299999999997,0.0
40667,40533908474822656,14.2282,-171.609,-307.245,-0.0361114,-0.201047,-0.354035,0.0
40748,4545862105563136,164.80700000000002,-52.4188,-287.914,56.3923,-19.612000000000002,-93.0576,0.02514772503645938
40901,364803320847532032,-117.384,125.22200000000001,-306.175,-0.08172819999999999,0.164442,-0.30787800000000004,0.0
40913,639517675436900352,-151.976,79.1805,-299.389,-0.219234,0.171929,-0.48713900000000004,0.0
41125,301753956856496128,165.113,-46.7783,-215.06799999999998,0.30383000000000004,-0.138235,-0.40178200000000003,0.0
41241,364795692985614336,-13.687000000000001,171.22299999999998,-268.453,-0.075798,0.307778,-0.474575,0.0
41443,63059465754116096,-57.5084,-162.84,-198.90099999999998,-0.12069,-0.19305899999999998,-0.255653,0.0
41551,801650972873981952,162.776,-53.4816,-185.87,0.533957,-0.120572,-0.593126,0.0
41574,364798785362067456,171.537,10.0793,-189.623,0.399944,-0.0273884,-0.415839,0.0
42053,693557434991509504,172.424,2.45342,-97.859,1.75584,-0.0248661,-1.0751600000000001,0.012373864077932619
42382,878211479344513024,-170.50099999999998,-22.6112,-44.7309,-0.24375100000000002,0.0184063,-0.0663612,0.0
42493,67556193433812992,-33.8887,-167.993,-41.8986,-0.10749,-0.273662,-0.07711939999999999,0.0
42526,382806243204399104,23.2238,-171.388,-52.4752,0.0769755,-0.16351400000000002,-0.0653118,0.0
42553,211686018774999042,83.1822,-150.267,-20.1435,0.033788099999999995,-0.212434,0.213077,0.0
42611,4508066393358336,154.137,-78.5831,-65.7566,3.92856,-2.06199,-1.68795,0.02514772503645938
42715,153124929951236096,151.828,82.7289,-41.6071,1.16939,0.578376,-0.326278,0.010583452332460523
42732,968278249211691008,130.627,111.52600000000001,-21.2281,0.715683,0.542194,-0.08103439999999999,0.0
42770,364793768840265728,92.8936,145.209,-1.6371200000000001,0.34928400000000004,0.45298900000000003,0.0300957,0.0
42792,166642119744684032,53.897,163.505,-61.9051,0.051082499999999996,0.31956599999999996,-0.112603,0.0
42847,166639027368230912,-29.7253,169.36900000000003,-18.8866,-0.032275200000000004,0.506125,-0.0496129,0.0
42957,301754094295449600,-157.002,69.4196,-52.7207,-0.257909,0.0546073,-0.0659711,0.0
43045,941258369434386432,-166.31,-44.7972,43.8343,-0.44433900000000004,-0.0666744,0.09793110000000001,0.0
43273,860195981323403264,132.21200000000002,-109.986,38.8444,0.494596,-0.4762,0.15651600000000002,0.0
43309,63070460870393856,164.291,-52.5285,62.5027,0.21602399999999997,-0.124423,0.0884234,0.0
43364,328769507306766336,161.58100000000002,55.3308,34.4382,0.240695,0.00660255,0.022438800000000002,0.0
43582,364794387315556352,-102.98700000000001,137.494,33.0745,-1.1466100000000001,1.62071,0.514133,0.01699658767610605
43753,139617017287147520,-45.4664,-166.812,134.513,-0.113943,-0.61135,0.454542,0.0
43835,139621140455751680,118.027,-124.46700000000001,78.4989,0.28496,-0.219625,0.147196,0.0
44085,734087357736681472,-92.4811,145.22799999999998,104.285,-0.56915,0.802288,0.61019,0.0
44871,112592808199589889,171.435,10.6419,254.455,0.20973000000000003,0.0272508,0.135178,0.0
45121,130608031326011392,-158.309,-68.8647,284.26,-0.324728,-0.0824576,0.53676,0.0
45279,837672348189458432,169.86700000000002,23.0669,287.493,2.56249,0.295268,4.4915199999999995,0.022617017589996995
45285,837672210750504960,161.641,55.1974,344.358,0.79594,0.21893600000000002,1.71633,0.0
45459,364803664444915712,-167.736,-37.3616,382.039,-0.345661,-0.0243017,0.787741,0.0
45542,306247111123402752,101.944,-139.235,359.838,0.109102,-0.234479,0.522367,0.0
45642,481885641164980224,66.501,158.74,357.04699999999997,0.207168,0.364118,0.8561030000000001,0.0
45686,743108094728339456,-115.993,126.854,402.66,-0.378837,0.335708,1.19029,0.0
45859,211675917011931138,155.06799999999998,-73.946,461.06199999999995,0.149431,-0.127392,0.239294,0.0
71184,801644513243168768,-166.326,-202.891,-999.362,-0.407547,-0.616451,-2.80723,0.0
71813,27043313118871552,42.9303,-259.324,-683.635,-0.0541011,-0.179589,-0.459363,0.0
71985,391819421070397441,-244.859,76.3532,-752.437,-0.218428,0.024251599999999998,0.12950799999999998,0.0
72056,211677772437786625,-46.9411,-260.0,-621.842,-0.174421,-0.190895,-0.33450599999999997,0.0
72367,40533908474822656,-13.8287,-259.204,-465.99300000000005,-0.0850038,-0.18191,-0.353684,0.0
72490,418845897917468673,238.97,98.32799999999999,-502.00800000000004,0.3107,0.06477519999999999,-0.25407199999999996,0.0
72581,364803320847532032,-145.429,216.02900000000002,-464.63800000000003,-0.025162900000000002,0.179096,-0.297055,0.0
72600,139620109680381953,-238.734,99.0711,-509.685,-0.166921,0.0255335,-0.028772100000000002,0.0
72787,4545862105563136,252.988,-81.1805,-424.566,61.9616,-17.0292,-89.97200000000001,0.013472016852318467
72839,562957924897394689,215.38400000000001,154.577,-403.07800000000003,0.379614,-0.0178535,-0.172455,0.0
72907,364795692985614336,-44.3004,262.39599999999996,-412.879,-0.127672,0.290128,-0.469188,0.0
72966,639517675436900352,-217.86900000000003,142.686,-461.292,-0.180039,0.208627,-0.48681800000000003,0.0
72989,914233541871538177,-257.075,-11.5105,-307.028,-0.153783,0.0270455,0.317103,0.0
73053,63059465754116096,-116.978,-235.636,-304.967,-0.16201300000000002,-0.157687,-0.25288,0.0
73158,635010777291427841,230.638,-122.914,-272.482,0.187752,-0.167796,0.241774,0.0
73164,301753956856496128,244.137,-90.1125,-323.047,0.278264,-0.18171400000000001,-0.400154,0.0
73181,801650972873981952,248.003,-68.6093,-279.496,0.541994,-0.0718762,-0.591417,0.0
73191,364798785362067456,261.849,-2.45993,-284.969,0.390325,-0.07892310000000001,-0.415867,0.0
73193,873727808382177281,258.413,-17.2296,-344.19699999999995,0.292677,-0.0607756,-0.142426,0.0
73610,693557434991509504,265.358,-0.466429,-155.031,1.7487400000000002,-0.08372189999999999,-1.07997,0.006960290261642286
73744,562957924897402882,-26.9344,261.153,-221.387,-0.0862919,0.153333,0.136668,0.0
73866,878211479344513024,-256.699,-6.250369999999999,-68.1178,-0.230773,0.0752007,-0.0621269,0.0
73974,67556193433812992,-74.1224,-245.765,-65.5916,-0.155007,-0.246979,-0.0781549,0.0
74010,382806243204399104,74.3708,-250.15400000000002,-85.9863,0.11657200000000001,-0.133476,-0.06523179999999999,0.0
74075,4508066393358336,232.708,-120.456,-99.5804,3.90115,-2.11119,-1.68615,0.013472016852318467
74170,153124929951236096,233.34099999999998,121.066,-64.2213,1.1864700000000001,0.531903,-0.32561,0.0076436044623326
74247,166642119744684032,60.5078,251.292,-91.6932,-0.00245996,0.319812,-0.11219900000000001,0.0
74405,301754094295449600,-244.293,77.7486,-73.7125,-0.259481,-0.00121337,-0.0646751,0.0
74750,328769507306766336,255.41,47.8171,43.1638,0.234308,-0.0454629,0.0239946,0.0
74795,968278249211691008,202.952,163.235,-29.1194,0.744961,0.49818100000000004,-0.077292,0.0
74839,364793768840265728,149.285,212.31400000000002,3.0862,0.38541,0.416048,0.0318318,0.0
74924,166639027368230912,-30.3586,261.39799999999997,-27.9213,0.0257142,0.504484,-0.0492091,0.0
75096,941258369434386432,-252.02700000000002,-52.5519,62.7142,-0.44709399999999994,-0.0137806,0.09806820000000001,0.0
75225,211686018774999042,85.6344,-242.113,69.8274,-0.021503099999999997,-0.214298,0.208906,0.0
75260,860195981323403264,191.85299999999998,-171.96400000000003,58.5061,0.454404,-0.5118729999999999,0.15482100000000001,0.0
75275,139621140455751680,191.06900000000002,-172.644,114.491,0.310105,-0.175555,0.149542,0.0
75297,63070460870393856,235.646,-104.191,93.3317,0.183354,-0.163036,0.0857415,0.0
75431,743098748896292866,81.2659,249.472,65.57600000000001,-0.0570756,0.199255,0.0130012,0.0
75522,364794387315556352,-154.461,212.21200000000002,56.5328,-1.09851,1.65084,0.514455,0.009105312460144009
75720,139617017287147520,-58.4128,-255.34400000000002,200.02900000000002,-0.06698480000000001,-0.615345,0.45593900000000004,0.0
75728,797148541494501378,-1.40595,-265.139,202.762,0.15276800000000001,-0.14398699999999998,-0.0403359,0.0
76024,734087357736681472,-147.437,218.4,160.955,-0.612414,0.767839,0.6071479999999999,0.0
76326,112592808199589889,258.70599999999996,34.2966,313.139,0.191168,0.07923989999999999,0.13776,0.0
76543,436850194663870465,-255.957,27.7883,354.05400000000003,-0.37163,-0.169244,-0.0702579,0.0
76568,130608031326011392,-252.243,-84.7152,436.30800000000005,-0.335621,-0.0260332,0.53275,0.0
76731,837672348189458432,261.556,32.5651,447.92699999999996,2.56765,0.239429,4.48997,0.016491572565307873
77021,306247111123402752,131.40200000000002,-221.956,538.822,0.0606038,-0.2471,0.521633,0.0
77078,837672210750504960,249.97,76.5167,533.2230000000001,0.807483,0.166506,1.71481,0.0
77121,481885641164980224,117.24,235.415,544.929,0.252872,0.336229,0.8530040000000001,0.0
77317,211675917011931138,216.916,-143.819,575.753,0.108983,-0.15909500000000001,0.239262,0.0
77353,648520545398165505,261.685,34.3687,590.65,0.22733299999999998,-0.0402552,-0.118155,0.0
77367,22519028945784833,230.69,118.351,663.4110000000001,0.236177,0.31209699999999996,0.153473,0.0
77447,743108094728339456,-185.05599999999998,181.77900000000002,611.217,-0.41026899999999994,0.293045,1.1891200000000002,0.0
77842,225192350874337280,157.678,-206.412,837.054,0.19584200000000002,-0.127527,0.744007,0.0
77972,968280448251731970,-248.33599999999998,75.6749,823.028,-0.275404,-0.0794716,0.08758350000000001,0.0
78003,229691758613626880,-131.859,-223.107,923.313,-0.418731,-0.5548489999999999,2.46519,0.0
78009,63054311793360896,-105.906,-234.612,951.675,0.0115191,-0.15168199999999998,0.550704,0.0
78013,864691540805554177,-97.98200000000001,-239.391,921.434,0.08618780000000001,0.287419,0.122275,0.0
78171,225181012160675840,-254.477,-58.6932,999.205,-1.40056,-0.24401399999999998,5.47234,0.0
78180,743123831488512000,-222.908,-136.769,1047.12,-0.22472899999999998,-0.22625900000000002,1.27027,0.0
78184,598980124829810688,-196.003,-174.39700000000002,1023.93,-0.273337,-0.13739200000000001,1.1648399999999999,0.0
78561,27043313118871552,-8.579880000000001,-360.345,-963.7410000000001,-0.11065499999999999,-0.14771700000000001,-0.45863699999999996,0.0
78769,211677772437786625,-136.66899999999998,-334.99,-773.682,-0.217214,-0.137959,-0.332175,0.0
79182,391819421070397441,-349.10699999999997,73.1844,-690.893,-0.21687399999999998,-0.0343124,0.127832,0.0
79255,40533908474822656,-77.0884,-350.944,-663.1519999999999,-0.14319500000000002,-0.143494,-0.35165599999999997,0.0
79356,418845897917468673,346.139,109.46600000000001,-588.471,0.310971,-0.00148847,-0.249297,0.0
79430,364803320847532032,-138.899,333.844,-659.75,0.0459069,0.17328,-0.296539,0.0
79452,639517675436900352,-279.005,233.05700000000002,-654.38,-0.12729300000000002,0.24477,-0.48582200000000003,0.0
79631,4545862105563136,341.631,-105.469,-553.27,62.3079,-12.7718,-90.4362,0.013472016852318467
79741,364795692985614336,-90.213,345.67400000000004,-553.9019999999999,-0.175755,0.262444,-0.469058,0.0
79787,139620109680381953,-346.543,94.7721,-528.295,-0.162854,-0.03805719999999999,-0.0288397,0.0
79861,63059465754116096,-204.584,-299.265,-426.51599999999996,-0.20027899999999998,-0.104206,-0.25182,0.0
79960,301753956856496128,329.101,-158.317,-454.496,0.236963,-0.23068699999999998,-0.400379,0.0
79979,873727808382177281,359.906,-49.8915,-395.085,0.273597,-0.119822,-0.141246,0.0
79980,801650972873981952,351.181,-76.3701,-391.483,0.5454979999999999,-0.00962039,-0.591328,0.0
79982,364798785362067456,358.913,-29.9216,-390.436,0.372339,-0.14014100000000002,-0.415245,0.0
80001,562957924897394689,334.176,137.559,-457.605,0.36938499999999996,-0.0911581,-0.169771,0.0
80675,635010777291427841,300.432,-203.37400000000002,-169.921,0.140431,-0.207821,0.241242,0.0
80716,693557434991509504,363.73699999999997,-6.850619999999999,-215.84799999999998,1.74397,-0.144239,-1.07986,0.006960290261642286
81046,67556193433812992,-140.309,-329.33099999999996,-94.2008,-0.20243599999999998,-0.20934499999999998,-0.0764908,0.0
81109,382806243204399104,161.278,-318.265,-126.912,0.155998,-0.0781811,-0.0679492,0.0
81158,4508066393358336,318.301,-167.51,-136.71,3.87258,-2.1614,-1.6864400000000002,0.013472016852318467
81227,153124929951236096,325.591,159.891,-89.2963,1.20823,0.476893,-0.327169,0.005291719540474414
81306,166642119744684032,49.1233,357.035,-129.028,-0.0625774,0.313162,-0.11125,0.0
81334,562957924897402882,-60.0012,353.436,-144.85299999999998,-0.030352299999999995,0.17164200000000002,0.13689,0.0
81432,301754094295449600,-352.281,63.5518,-100.9,-0.25093200000000004,-0.06488490000000001,-0.0621997,0.0
81433,878211479344513024,-358.805,43.7516,-97.4114,-0.2007,0.13338699999999998,-0.0648395,0.0
81441,914233541871538177,-356.24300000000005,28.1976,-88.5469,-0.132402,0.0884689,0.314776,0.0
81743,968278249211691008,290.60200000000003,217.563,-38.0218,0.777107,0.44476499999999997,-0.0777127,0.0
81760,364793768840265728,226.602,286.802,9.172239999999999,0.42882299999999995,0.369746,0.0342726,0.0
81825,166639027368230912,-19.2843,360.839,-37.6703,0.0883705,0.496647,-0.0485761,0.0
81973,941258369434386432,-353.64099999999996,-48.7746,85.0305,-0.44404799999999994,0.0461481,0.0988198,0.0
82144,860195981323403264,258.532,-254.46099999999998,82.541,0.405927,-0.5494399999999999,0.157349,0.0
82171,63070460870393856,308.993,-190.22,132.849,0.13280999999999998,-0.20670100000000002,0.08064439999999999,0.0
82209,328769507306766336,357.29,13.2441,54.0388,0.212308,-0.105151,0.024299599999999998,0.0
82341,743098748896292866,29.7199,355.925,73.0715,-0.11917699999999999,0.16833199999999998,0.011593299999999999,0.0
82392,364794387315556352,-206.46400000000003,292.878,81.429,-1.04986,1.6819,0.512317,0.009105312460144009
82531,211686018774999042,54.5506,-356.50199999999995,185.61,-0.0884842,-0.191621,0.21202800000000002,0.0
82545,797148541494501378,117.896,-339.04400000000004,175.572,0.195332,-0.0714565,-0.0426976,0.0
82584,139621140455751680,287.79900000000004,-216.47799999999998,159.119,0.33644,-0.11359200000000001,0.14995999999999998,0.0
82765,734087357736681472,-211.327,293.747,222.02599999999998,-0.657126,0.73063,0.604939,0.0
82838,436850194663870465,-358.89099999999996,-30.2431,333.7,-0.335854,-0.230467,-0.07146060000000001,0.0
82937,139617017287147520,-64.4036,-352.001,271.38599999999997,-0.0102644,-0.617581,0.456399,0.0
83436,112592808199589889,348.841,88.8777,383.59,0.157655,0.130779,0.137647,0.0
83782,648520545398165505,358.816,29.4454,540.769,0.230841,0.012503299999999998,-0.113776,0.0
83966,130608031326011392,-355.976,-83.3188,600.564,-0.336862,0.0350004,0.530522,0.0
84096,837672348189458432,362.869,40.8457,624.929,2.57292,0.180475,4.48882,0.012722047547788875
84298,306247111123402752,143.98,-329.53,762.0980000000001,-0.00159257,-0.25149,0.522228,0.0
84317,211675917011931138,262.834,-242.593,711.977,0.053076099999999994,-0.184084,0.239152,0.0
84358,837672210750504960,345.32599999999996,92.8674,734.558,0.8165319999999999,0.114,1.7141099999999998,0.0
84372,22519028945784833,290.074,212.023,707.0189999999999,0.180919,0.34571199999999996,0.153859,0.0
84395,481885641164980224,180.168,308.58,740.7510000000001,0.293885,0.300942,0.852247,0.0
84681,743108094728339456,-273.704,237.445,858.791,-0.43654,0.24006,1.1909100000000001,0.0
84710,968280448251731970,-359.22900000000004,28.41,860.096,-0.24656999999999998,-0.144749,0.0870195,0.0
85171,211677772437786625,-303.933,-398.211,-1006.75,-0.250481,-0.0420345,-0.333751,0.0
85178,40533908474822656,-236.54,-441.5,-984.877,-0.196629,-0.0460175,-0.350528,0.0
85310,364803320847532032,-21.4309,504.73900000000003,-1011.32,0.143103,0.104799,-0.296559,0.0
85556,639517675436900352,-326.351,375.865,-920.453,-0.042172,0.27131700000000003,-0.48573599999999995,0.0
85778,364795692985614336,-195.475,461.653,-787.8589999999999,-0.242186,0.198402,-0.46971199999999996,0.0
85916,4545862105563136,480.866,-134.25,-755.5310000000001,61.7588,-13.5679,-90.6957,0.013472016852318467
85933,418845897917468673,488.983,88.8663,-704.686,0.299029,-0.0875537,-0.24741799999999997,0.0
86085,63059465754116096,-365.61199999999997,-341.843,-613.997,-0.223827,-0.00883981,-0.252183,0.0
86169,301753956856496128,421.05699999999996,-276.01599999999996,-636.0930000000001,0.16463699999999998,-0.286546,-0.39966199999999996,0.0
86322,391819421070397441,-502.824,11.2085,-593.986,-0.179999,-0.12490599999999999,0.125389,0.0
86466,873727808382177281,483.921,-127.62100000000001,-464.556,0.22894699999999998,-0.192548,-0.138552,0.0
86467,364798785362067456,489.64,-96.4013,-543.941,0.331387,-0.218151,-0.415087,0.0
86471,801650972873981952,492.702,-67.88,-545.261,0.541269,0.0742851,-0.589553,0.0
86479,562957924897394689,495.254,73.4087,-535.3009999999999,0.33099,-0.187059,-0.168211,0.0
87125,693557434991509504,497.901,-21.0852,-299.118,1.73377,-0.22428299999999998,-1.0797,0.006960290261642286
87426,382806243204399104,375.24199999999996,-336.975,-212.762,0.166044,0.0481316,-0.0687342,0.0
87439,4508066393358336,443.624,-239.082,-191.588,3.8269900000000003,-2.23867,-1.6862099999999998,0.013472016852318467
87577,166642119744684032,-2.58224,501.89,-182.817,-0.14998699999999998,0.280161,-0.111144,0.0
87687,301754094295449600,-496.31800000000004,-3.93663,-139.293,-0.20979899999999999,-0.151325,-0.060338300000000004,0.0
87744,67556193433812992,-265.127,-422.457,-135.31799999999998,-0.258128,-0.13147899999999998,-0.0780428,0.0
87905,153124929951236096,452.82800000000003,205.55599999999998,-123.34899999999999,1.2346700000000002,0.400933,-0.326319,0.005291719540474414
87914,968278249211691008,411.913,279.789,-49.869,0.813655,0.371515,-0.08079639999999999,0.0
87976,166639027368230912,18.812,501.88300000000004,-51.7885,0.176492,0.471395,-0.05012659999999999,0.0
88083,878211479344513024,-474.74300000000005,161.41899999999998,-142.232,-0.130502,0.197016,-0.06499769999999999,0.0
88263,635010777291427841,362.12300000000005,-347.06300000000005,-18.6889,0.0528736,-0.245549,0.23943899999999999,0.0
88386,364793768840265728,337.73,369.18300000000005,17.5913,0.477104,0.302754,0.0375163,0.0
88429,562957924897402882,-47.858999999999995,500.39599999999996,-27.766,0.05689109999999999,0.16237000000000001,0.137168,0.0
88547,941258369434386432,-497.994,-19.146,117.71,-0.425158,0.132376,0.10016,0.0
88674,860195981323403264,334.031,-370.88800000000003,114.545,0.33374499999999996,-0.594949,0.157194,0.0
88712,328769507306766336,490.462,-94.1591,71.774,0.146674,-0.184847,0.0224675,0.0
88838,743098748896292866,-139.265,482.17900000000003,85.3293,-0.194706,0.0652904,0.010606299999999999,0.0
88863,364794387315556352,-279.436,415.615,118.322,-0.9747319999999999,1.72527,0.5123800000000001,0.009105312460144009
89052,63070460870393856,368.083,-342.48,186.93400000000003,0.0402199,-0.241233,0.0804275,0.0
89074,139621140455751680,437.85900000000004,-246.305,223.94400000000002,0.35330500000000004,-0.022022999999999997,0.150605,0.0
89318,436850194663870465,-479.24,-135.515,305.655,-0.270148,-0.304144,-0.0700941,0.0
89560,734087357736681472,-308.937,393.41900000000004,307.962,-0.718392,0.669712,0.604349,0.0
89601,914233541871538177,-465.028,178.685,286.568,-0.042983999999999994,0.15157,0.314442,0.0
89700,211686018774999042,-66.1119,-499.615,376.32199999999995,-0.174394,-0.11873199999999999,0.21054099999999998,0.0
89705,139617017287147520,-56.8021,-496.01300000000003,378.01199999999994,0.07681589999999999,-0.611475,0.45704799999999995,0.0
90145,648520545398165505,494.92699999999996,62.1834,471.457,0.211167,0.09254989999999999,-0.11180899999999999,0.0
90164,112592808199589889,447.56800000000004,222.988,496.916,0.07448889999999998,0.187323,0.135812,0.0
90711,22519028945784833,347.103,362.89099999999996,770.992,0.09315319999999999,0.377717,0.154433,0.0
90826,130608031326011392,-497.55400000000003,-50.5249,828.77,-0.31800300000000004,0.117148,0.529623,0.0
90922,837672348189458432,497.48900000000003,48.2903,859.625,2.57609,0.107481,4.488090000000001,0.014606810056548375
91037,968280448251731970,-489.342,-81.8905,912.6569999999999,-0.178454,-0.216452,0.0855754,0.0
91115,211675917011931138,263.943,-422.42,941.328,-0.048271800000000004,-0.186109,0.237671,0.0
91121,950261582993035265,318.894,-388.051,935.36,-0.0397418,0.127828,0.0581081,0.0
91346,837672210750504960,491.07300000000004,105.985,1039.28,0.820924,0.03596780000000001,1.7148,0.0
91372,481885641164980224,296.324,405.959,1048.8,0.344421,0.23596799999999998,0.852728,0.0
91538,4545862105563136,641.242,-170.05700000000002,-991.7330000000001,60.2939,-15.4158,-91.3829,0.017064501673556602
91613,364795692985614336,-364.806,555.326,-1081.47,-0.294103,0.0992932,-0.470513,0.0
91654,63059465754116096,-602.935,-270.284,-898.953,-0.182228,0.129949,-0.25056,0.0
91920,301753956856496128,485.725,-452.249,-864.908,0.0556325,-0.32416300000000003,-0.39997,0.0
91953,418845897917468673,664.71,-1.09372,-863.0,0.245804,-0.18948099999999998,-0.247142,0.0
92194,364798785362067456,624.009,-213.324,-731.159,0.263677,-0.297202,-0.41329,0.0
92207,801650972873981952,656.425,-29.9208,-726.878,0.517868,0.17521199999999998,-0.588122,0.0
92425,562957924897394689,659.072,-59.4429,-629.332,0.251619,-0.284256,-0.167659,0.0
92560,391819421070397441,-636.111,-158.715,-469.029,-0.07954810000000001,-0.20343699999999998,0.124286,0.0
92668,873727808382177281,602.757,-274.58099999999996,-553.596,0.1406,-0.262035,-0.139943,0.0
93002,693557434991509504,662.1160000000001,-47.1313,-401.82800000000003,1.71658,-0.323255,-1.07931,0.010053789409904685
93509,301754094295449600,-636.91,-175.851,-191.72400000000002,-0.10778399999999999,-0.23358,-0.060720500000000004,0.0
93531,67556193433812992,-464.82800000000003,-474.599,-191.377,-0.288066,-0.010201100000000001,-0.0789335,0.0
93616,4508066393358336,580.523,-321.168,-252.3,3.7773,-2.32002,-1.6863599999999999,0.017064501673556602
93663,153124929951236096,611.101,250.33,-164.71900000000002,1.2603600000000001,0.304501,-0.329043,0.005291719540474414
93744,166642119744684032,-120.77,650.264,-249.547,-0.238623,0.208479,-0.111024,0.0
93786,878211479344513024,-539.923,386.879,-207.817,0.00727415,0.235062,-0.0656385,0.0
94004,968278249211691008,566.043,340.051,-64.9724,0.848877,0.277769,-0.0831365,0.0
94042,166639027368230912,91.97,650.413,-68.1226,0.264148,0.426904,-0.0474115,0.0
94340,364793768840265728,491.43,447.858,29.0827,0.52355,0.210015,0.0371392,0.0
94604,860195981323403264,403.41900000000004,-518.508,152.20600000000002,0.24452800000000002,-0.63553,0.157842,0.0
94618,328769507306766336,575.145,-323.152,95.7526,0.0109068,-0.234506,0.022414700000000003,0.0
94727,562957924897402882,79.7611,653.8340000000001,134.71,0.150473,0.0849029,0.134746,0.0
94934,635010777291427841,352.301,-560.678,187.767,-0.0729692,-0.238963,0.239348,0.0
95092,364794387315556352,-355.911,559.134,160.362,-0.8883209999999999,1.77152,0.509076,0.011533386948507945
95141,941258369434386432,-660.48,53.7487,157.878,-0.381399,0.227794,0.10156699999999999,0.0
95173,436850194663870465,-587.36,-300.04400000000004,271.702,-0.171737,-0.366372,-0.07205360000000001,0.0
95246,63070460870393856,344.589,-560.752,260.431,-0.09094119999999999,-0.22647399999999998,0.0791005,0.0
95286,139621140455751680,614.821,-230.601,299.867,0.34279,0.0853992,0.149303,0.0
95608,648520545398165505,637.597,170.477,383.975,0.145903,0.177522,-0.11046600000000001,0.0
95693,734087357736681472,-432.406,497.707,407.506,-0.77784,0.597478,0.604531,0.0
95782,139617017287147520,-22.2804,-661.173,503.255,0.17669300000000002,-0.5891569999999999,0.455135,0.0
96281,211686018774999042,-359.17800000000005,-549.226,684.679,-0.20027899999999998,0.05464580000000001,0.212561,0.0
96413,112592808199589889,441.09,489.76599999999996,684.207,-0.08306749999999999,0.180488,0.138423,0.0
96643,22519028945784833,365.661,555.821,849.362,-0.019148,0.38577,0.159104,0.0
96965,968280448251731970,-591.6619999999999,-296.37,986.9169999999999,-0.0582125,-0.273044,0.08692899999999999,0.0
107734,418845897917468673,807.6560000000001,-169.963,-1041.93,0.147223,-0.26964299999999997,-0.24933000000000002,0.0
107929,364798785362067456,730.55,-375.69199999999995,-934.622,0.16708199999999998,-0.359453,-0.412578,0.0
107952,801650972873981952,821.063,44.2704,-921.6189999999999,0.473099,0.270291,-0.587496,0.0
108376,562957924897394689,778.7710000000001,-259.699,-733.545,0.12764,-0.354833,-0.16846,0.0
108541,941261049510760449,-487.48199999999997,-664.846,-586.36,-0.118611,-0.286001,-0.042362800000000006,0.0
108602,873727808382177281,661.313,-490.88300000000004,-660.7289999999999,0.0110611,-0.29389699999999996,-0.143714,0.0
108897,693557434991509504,812.404,-79.5802,-496.852,1.6966700000000001,-0.414551,-1.07701,0.012373864077932619
109334,67556193433812992,-700.166,-422.269,-258.156,-0.25511799999999996,0.13165,-0.07931510000000001,0.0
109338,301754094295449600,-655.052,-487.963,-267.55400000000003,0.0787947,-0.242823,-0.0640467,0.0
109416,4508066393358336,710.1569999999999,-402.662,-310.55400000000003,3.7277,-2.3963400000000004,-1.68747,0.023351482625840317
109509,166642119744684032,-311.661,756.5830000000001,-326.834,-0.301026,0.0924691,-0.113153,0.0
109692,153124929951236096,772.717,282.85400000000004,-206.562,1.2788899999999999,0.20799499999999999,-0.32845100000000005,0.0076436044623326
110004,968278249211691008,722.455,381.875,-80.0515,0.872505,0.186678,-0.0837456,0.0
110036,166639027368230912,201.963,791.465,-85.0675,0.347735,0.36004,-0.0466767,0.0
110291,364793768840265728,653.794,496.376,40.2633,0.5518569999999999,0.11287,0.035181,0.0
110752,436850194663870465,-646.764,-509.10900000000004,232.963,-0.045852,-0.40058699999999997,-0.0726576,0.0
110823,860195981323403264,452.58,-683.199,192.05700000000002,0.143171,-0.664982,0.156433,0.0
110958,364794387315556352,-423.657,702.8,201.158,-0.8012600000000001,1.81195,0.507912,0.01578255043192408
110984,941258369434386432,-802.712,164.24200000000002,199.21,-0.313655,0.31318,0.101939,0.0
111161,648520545398165505,722.6289999999999,381.39300000000003,273.66700000000003,0.018896200000000002,0.228219,-0.109492,0.0
111400,139621140455751680,810.654,-141.30100000000002,391.57300000000004,0.284991,0.199702,0.147805,0.0
111604,635010777291427841,153.57,-804.6469999999999,499.26599999999996,-0.215612,-0.119092,0.241171,0.0
111752,734087357736681472,-567.2719999999999,591.03,508.69,-0.8333010000000001,0.517748,0.6016090000000001,0.0
111851,139617017287147520,41.5824,-823.717,632.712,0.267285,-0.550936,0.45606599999999997,0.0
112233,932245603918811137,-550.315,602.862,771.336,-0.277952,0.26868000000000003,-0.00977413,0.0
112613,22519028945784833,327.135,747.807,931.243,-0.132719,0.359944,0.161573,0.0
113174,873727808382177281,434.626,-922.2180000000001,-915.574,-0.24293800000000002,-0.159385,-0.148449,0.0
113190,562957924897394689,792.908,-639.987,-909.1080000000001,-0.0998816,-0.359008,-0.174182,0.0
113853,941261049510760449,-598.455,-831.202,-613.763,-0.219831,-0.217099,-0.0394666,0.0
113909,693557434991509504,1014.06,-136.64,-626.1519999999999,1.662,-0.534163,-1.07655,0.013920646780843059
114389,4508066393358336,879.882,-515.141,-388.094,3.65836,-2.5003,-1.68618,0.026943967447078446
114658,153124929951236096,970.768,305.618,-257.127,1.2912700000000001,0.0897773,-0.330119,0.009407513184409355
115169,968278249211691008,935.553,411.647,-100.251,0.887769,0.0653127,-0.0828176,0.0
115200,166639027368230912,393.404,938.775,-107.666,0.433609,0.24526399999999998,-0.0468736,0.0
115740,364793768840265728,881.2660000000001,514.273,54.677,0.561575,-0.0230053,0.0395415,0.0
115886,436850194663870465,-608.069,-821.4839999999999,176.05200000000002,0.142191,-0.375776,-0.07433730000000001,0.0
115924,860195981323403264,477.69,-904.804,243.479,0.00641167,-0.6802600000000001,0.152223,0.0
116040,364794387315556352,-499.644,890.063,252.976,-0.686415,1.85729,0.508534,0.018210624920288018
116063,941258369434386432,-951.529,378.001,259.499,-0.184482,0.40215100000000004,0.0984338,0.0
116693,139621140455751680,1013.36,111.286,532.464,0.128607,0.31206500000000004,0.149148,0.0
117065,734087357736681472,-750.047,689.2610000000001,636.191,-0.890961,0.407364,0.602218,0.0
117287,932245603918811137,-672.805,764.318,766.153,-0.182173,0.338858,-0.00934318,0.0
117385,139617017287147520,158.082,-1010.89,797.393,0.37685,-0.480804,0.456596,0.0
117949,22519028945784833,149.95600000000002,1010.01,1069.33,-0.275413,0.260727,0.169211,0.0
82705,0,56.6197,357.689,180.252,-240859.0,795844.0,555535.0,0.0
95549,0,155.158,-642.119,385.075,-338743.0,-914119.0,222799.0,0.0
90198,0,210.825,449.091,524.656,245467.0,181571.0,952249.0,0.0
94851,0,-523.442,-406.844,159.476,-526144.0,-824806.0,-207044.0,0.0
85240,0,473.13300000000004,-170.329,-1014.92,887299.0,-14024.9,-460980.0,0.0
95112,0,-483.606,453.86199999999997,218.44799999999998,-740505.0,458255.0,491584.0,0.0
88455,0,-211.602,457.48699999999997,-53.3553,-527449.0,626794.0,573521.0,0.0
85296,0,189.808,465.542,-1081.09,-114656.0,510654.0,-852107.0,0.0
88489,0,-374.936,337.21,52.3609,-775265.0,399309.0,-489404.0,0.0
80402,0,105.719,341.51599999999996,-262.69599999999997,763331.0,610940.0,-209950.0,0.0
87172,0,356.98199999999997,348.914,-281.603,168939.0,672149.0,-720885.0,0.0
111620,0,375.11400000000003,-724.903,523.846,240561.0,-382082.0,892269.0,0.0
114685,0,692.145,751.812,-272.33,15578.0,890704.0,454318.0,0.0
92080,0,-650.615,-124.042,-736.505,-809070.0,476349.0,-344235.0,0.0
37284,0,-61.053000000000004,98.1023,57.9054,88999.4,971413.0,220082.0,0.0
92497,0,-30.480999999999998,659.3380000000001,-611.947,43396.6,544769.0,-837462.0,0.0
116259,0,-144.862,1007.85,309.779,-236081.0,875611.0,421391.0,0.0
110198,0,148.77100000000002,-807.775,11.0943,793827.0,-598450.0,108150.0,0.0
93140,0,-504.12300000000005,428.85,-460.869,-472751.0,421468.0,-773867.0,0.0
116990,0,932.118,411.29900000000004,564.005,427249.0,616898.0,660981.0,0.0
89979,0,-499.416,54.7841,387.30699999999996,-729507.0,27229.0,683431.0,0.0
108859,0,455.24800000000005,-678.6060000000001,-506.12699999999995,696804.0,-598806.0,-394835.0,0.0
74232,0,84.7296,247.38299999999998,-75.4634,-369169.0,922079.0,116126.0,0.0
114953,0,164.455,1005.61,-157.37,-318202.0,860948.0,-396883.0,0.0
42540,0,55.9602,-162.681,-16.8439,285929.0,-678103.0,-677068.0,0.0
115660,0,248.753,-984.535,115.45200000000001,546606.0,-707722.0,-447606.0,0.0
110007,0,682.186,447.876,-123.22200000000001,206572.0,927052.0,312893.0,0.0
96973,0,-548.785,-371.074,1045.47,-340698.0,57406.8,938418.0,0.0
92858,0,-658.028,21.1498,-508.31300000000005,-922630.0,-346030.0,-170342.0,0.0
112791,0,814.804,124.609,1019.37,839583.0,-322461.0,437172.0,0.0
117063,0,-693.6619999999999,754.38,614.753,-361293.0,892031.0,271564.0,0.0
110414,0,-820.002,88.0622,14.1655,-700671.0,525472.0,-482638.0,0.0
80671,0,310.837,-192.581,-173.15200000000002,110872.0,-311229.0,-943845.0,0.0
93652,0,646.047,143.61700000000002,-185.99200000000002,600539.0,-46995.6,-798213.0,0.0
107801,0,-399.27099999999996,719.31,-1006.35,-637176.0,669444.0,-381905.0,0.0
111428,0,755.695,327.591,407.175,826849.0,204111.0,524079.0,0.0
117062,0,-625.082,804.072,592.9780000000001,-592416.0,193402.0,782074.0,0.0
113026,0,822.2689999999999,604.323,-983.965,691500.0,458360.0,-558331.0,0.0
114231,0,161.321,1003.46,-548.1990000000001,382966.0,893727.0,-233643.0,0.0
107934,0,744.5889999999999,-343.772,-964.5210000000001,689521.0,-607497.0,-394345.0,0.0
113438,0,914.86,447.88300000000004,-825.5239999999999,119012.0,-20112.3,-992689.0,0.0
88266,0,352.289,-354.625,42.6357,125540.0,-800675.0,585798.0,0.0
113178,0,486.591,-898.67,-963.6160000000001,251527.0,-298800.0,-920572.0,0.0
18263,0,-25.9829,-18.1054,-69.6757,-196336.0,-332650.0,-922386.0,0.0
111342,0,-33.2704,-819.1239999999999,389.686,-186696.0,-974451.0,-124857.0,0.0
115584,0,-990.686,-250.27700000000002,53.9026,-729538.0,-85046.2,678632.0,0.0
43630,0,-167.886,40.7413,48.6983,-778027.0,-502608.0,-376908.0,0.0
81777,0,133.65,336.811,40.5267,-188362.0,768825.0,-611087.0,0.0
116780,0,104.334,1013.26,464.561,-166928.0,461683.0,871197.0,0.0
113707,0,951.7310000000001,372.801,-718.3580000000001,545397.0,16304.2,-838019.0,0.0
115792,0,-158.128,1007.92,151.68200000000002,466991.0,791728.0,-393809.0,0.0
92234,0,427.967,496.55199999999996,-758.3480000000001,979802.0,156422.0,-124577.0,0.0
94274,0,571.497,-332.477,24.8645,278617.0,-856918.0,433664.0,0.0
37259,0,-49.9392,104.01700000000001,49.9967,-420902.0,813580.0,-401159.0,0.0
117194,0,863.822,-539.5169999999999,734.055,93679.3,-203224.0,974641.0,0.0
108339,0,103.681,-811.437,-766.673,20087.6,-748495.0,-662836.0,0.0
81733,0,312.347,185.78400000000002,-39.3133,990543.0,135638.0,20684.5,0.0
73885,0,-237.076,-105.98,-148.938,-451896.0,-237675.0,-859826.0,0.0
31760,0,52.4296,48.3079,146.2,250364.0,174734.0,952253.0,0.0
34271,0,-31.5106,-110.98700000000001,-214.27700000000002,-215261.0,-348889.0,-912107.0,0.0
78049,0,205.54,-160.106,968.087,706382.0,-369733.0,603590.0,0.0
96054,0,-274.889,-601.995,638.246,-226101.0,-737941.0,635863.0,0.0
96732,0,-656.3539999999999,-4.96665,931.025,-737681.0,391777.0,549852.0,0.0
117737,0,109.46799999999999,1011.93,904.373,-174189.0,377832.0,909341.0,0.0
111724,0,38.0739,815.2560000000001,496.827,317205.0,947219.0,46439.1,0.0
91820,0,-592.756,288.83,-968.821,-601152.0,18497.9,-798921.0,0.0
16909,0,13.682,-28.5219,-417.515,41443.7,-424266.0,-904589.0,0.0
92189,0,597.2719999999999,-271.575,-725.387,484142.0,138376.0,-863978.0,0.0
40784,0,169.89,24.8974,-283.738,558164.0,437997.0,-704707.0,0.0
93800,0,-638.724,161.00799999999998,-165.359,-851332.0,51015.6,-522141.0,0.0
110023,0,364.74,730.395,-73.3066,703193.0,591244.0,394906.0,0.0
89676,0,-294.765,-407.546,398.44800000000004,-247861.0,-801863.0,543674.0,0.0
112341,0,808.325,-128.531,828.265,964786.0,193929.0,177705.0,0.0
114186,0,972.4580000000001,295.14799999999997,-524.559,564959.0,40606.0,-824119.0,0.0
75814,0,214.255,-146.97899999999998,240.68599999999998,158378.0,-64068.4,985298.0,0.0
96202,0,-97.6603,656.925,638.185,153164.0,987795.0,28334.3,0.0
78900,0,-178.655,314.98900000000003,-822.143,-270617.0,692586.0,-668649.0,0.0
114811,0,-681.7869999999999,-758.9680000000001,-168.78,-524852.0,-834784.0,166331.0,0.0
116811,0,-599.841,821.3,464.89,-305393.0,221248.0,926166.0,0.0
34516,0,-22.3868,113.34700000000001,-241.36,31081.2,257706.0,-965723.0,0.0
84111,0,337.918,122.445,662.916,717941.0,152537.0,679186.0,0.0
92368,0,-447.819,-486.181,-646.3969999999999,-966318.0,-180915.0,-183030.0,0.0
108207,0,273.2,774.926,-786.385,-177901.0,972178.0,-152385.0,0.0
108014,0,-349.42199999999997,739.663,-918.697,45267.2,485329.0,-873159.0,0.0
90287,0,-492.594,-76.421,655.5110000000001,-225680.0,-138625.0,964288.0,0.0
107821,0,-753.705,323.099,-1019.77,-655025.0,690538.0,-306757.0,0.0
114783,0,-1019.56,-7.86066,-233.09799999999998,-437772.0,-339532.0,-832510.0,0.0
45049,0,-155.887,72.9871,253.419,-113526.0,38702.1,992781.0,0.0
107799,0,-262.607,776.618,-1027.13,-117106.0,208800.0,-970922.0,0.0
114946,0,233.804,993.803,-217.44799999999998,-37021.4,961400.0,272652.0,0.0
25559,0,2.18052,-32.5432,324.374,-242525.0,261686.0,934185.0,0.0
110808,0,173.007,-806.9689999999999,234.90200000000002,376898.0,-602002.0,703947.0,0.0
33352,0,95.0029,-65.6573,-465.13599999999997,554119.0,-581897.0,-595271.0,0.0
34007,0,105.102,49.1462,-297.938,407727.0,-73767.3,-910119.0,0.0
26864,0,53.3621,47.4503,-224.90900000000002,289841.0,5984.67,-957056.0,0.0
91736,0,658.6469999999999,24.1122,-938.212,406684.0,-280925.0,-869304.0,0.0
96999,0,85.412,-656.597,1078.34,428225.0,-646699.0,631192.0,0.0
94327,0,624.005,219.283,24.2179,781631.0,41179.9,-622380.0,0.0
94142,0,-661.0010000000001,4.88874,-139.411,-803207.0,-308610.0,509528.0,0.0
40944,0,-168.782,-27.1309,-264.44599999999997,-925653.0,201005.0,-320568.0,0.0
25431,0,-6.50831,31.5546,256.228,-15249.1,264715.0,964206.0,0.0
77949,0,-189.09400000000002,186.85299999999998,772.422,-774824.0,97351.2,624637.0,0.0
117784,0,-831.11,594.372,925.586,-134202.0,250202.0,958848.0,0.0
90598,0,-337.43,-364.915,765.07,-197293.0,-902916.0,381861.0,0.0
33381,0,114.60700000000001,14.0644,-464.26300000000003,-340670.0,51138.2,-938791.0,0.0
37621,0,77.4011,-85.5795,111.939,812538.0,-544032.0,209311.0,0.0
95828,0,562.793,-338.62699999999995,467.191,390426.0,-602179.0,696382.0,0.0
117957,0,37.5432,1018.45,1008.46,-222968.0,252661.0,941513.0,0.0
109756,0,-44.5488,817.543,-197.949,495264.0,795772.0,-348511.0,0.0
113270,0,-432.524,922.832,-943.409,13021.2,990792.0,-134762.0,0.0
88684,0,401.82199999999995,-301.067,88.9342,639325.0,-325339.0,696720.0,0.0
35074,0,-91.4316,71.8291,-203.28799999999998,-390138.0,318460.0,-863930.0,0.0
114383,0,780.862,-654.97,-375.309,982469.0,98306.7,-158399.0,0.0
88397,0,224.507,450.335,-48.8848,-240108.0,840651.0,485443.0,0.0
110926,0,219.612,794.0889999999999,251.894,-286782.0,878332.0,-382478.0,0.0
79238,0,-191.551,-303.578,-626.1759999999999,-277359.0,-444560.0,-851727.0,0.0
83963,0,-356.35900000000004,-62.3615,599.656,142364.0,26477.1,989460.0,0.0
111142,0,804.852,147.435,271.782,608968.0,437705.0,661493.0,0.0
114553,0,-822.145,-598.26,-309.921,-218525.0,-912880.0,-344814.0,0.0
71916,0,133.994,221.31,-678.798,120666.0,143194.0,-982311.0,0.0
109948,0,760.945,-305.351,-139.817,715760.0,-139797.0,-684211.0,0.0
85926,0,498.44199999999995,-47.2046,-712.721,350071.0,-405477.0,-844416.0,0.0
109235,0,241.27700000000002,783.943,-374.76599999999996,66286.3,586158.0,-807481.0,0.0
114313,0,-873.6410000000001,-524.464,-404.75699999999995,-924662.0,-21512.4,380181.0,0.0
108899,0,816.035,-33.6954,-549.2819999999999,729889.0,-590260.0,-344754.0,0.0
91934,0,580.761,-311.08299999999997,-779.227,181351.0,-474317.0,-861473.0,0.0
71290,0,76.2497,248.10299999999998,-1010.86,-28637.5,694959.0,-718479.0,0.0
88132,0,-491.98699999999997,-88.2222,-33.6936,-921669.0,-317714.0,222676.0,0.0
96356,0,629.805,-202.42700000000002,743.245,186991.0,-148206.0,971117.0,0.0
45064,0,-162.32399999999998,55.4775,279.493,-680496.0,-180470.0,710181.0,0.0
